Unnamed: 0,category,title,split
74839,Business,"prosecutor merrill lynch , enron execs conspired",train
59243,Business,ny times profit slips as ad sales uneven,train
86445,Business,"nc should cheer dell deal , but we must weigh wisdom of incentive lt b gt . . . lt b gt ",train
15996,Business,"shareholders the losers , report charges",train
57342,Business,nevada utilities win a chance to shed million enron bill,train
22294,Business,"delta slashes , jobs , dallas hub",train
6273,Business,coming it that adapts to users requirements,train
104100,Business,"eu nations cling to biotech bans on monsanto , syngenta , bayer",train
23708,Business,no warning for procter gamble,train
13635,Business,"jobs of british airways directors under threat , telegraph says",train
11537,Business,court reinstates sav on suit report,train
109615,Business,johnson amp johnson reportedly in talks to acquire guidant,train
23686,Business,treasuries rally on drop in august ppi,train
34867,Business,update lucent cuts retirees health benefits,train
109994,Business,reliance unit loses anil ambani,train
72305,Business,ata parent hires restructuring officer,train
10656,Business,brown forman earnings jump percent,train
29249,Business,florida examines higher insurance deductibles,train
64764,Business,"state california gained , payroll jobs in september",train
96071,Business,greenspan warns about trade deficit impact ap ,train
49827,Business,crude retreats back below mark,train
101604,Business,"fearing prosecution by kremlin , top executives of yukos leave russia",train
118294,Business,mortgage rates dip this week,train
14582,Business,tiscali announces sells off swedish subsidiary for mln,train
70180,Business,ex cabinet minister caught up in marsh corruption scandal,train
38296,Business,durable goods orders dip in august,train
116637,Business,"job outlook moderately optimistic for , survey finds",train
61435,Business,industrial production inches up in sept . reuters ,train
20781,Business,trial by fire forbes . com ,train
110482,Business,dollar makes gains against euro,train
3123,Business,dollar up a bit against europe currencies,train
11398,Business,toronto dominion makes maine bank deal,train
62441,Business,enron accused im being used to test anti terror laws,train
84614,Business,mandelson calls on eu to reform,train
92507,Business,european chiefs urge us to support dollar,train
67720,Business,sanofi aventis sales up . percent,train
29593,Business,nortel sees lower rd quarter revenue,train
9099,Business,united adds fee for frequent flier phone bookings,train
47290,Business,markets skirt crude oil hikes,train
95631,Business,russian target abramovich hit by m tax bill,train
12066,Business,blackrock gets a piece of met,train
10134,Business,"update fed will be flexible , oil hits growth , guynn says",train
54166,Business,modalities for hiking foreign stake in banking sector soon,train
74463,Business,stocks open near unchanged boeing up,train
82997,Business,no harmony for gold rivals,train
46097,Business,"microsoft had agreed to sanctions , eu official says",train
39583,Business,widely used bike lock can be picked with pen,train
84634,Business,poison pill defence for news corp,train
67595,Business,update qwest to pay m to settle sec charges,train
66931,Business,trump hotels said to reach deal to avoid bankruptcy,train
79193,Business,lockheed to take charge on court decision,train
40298,Business,"as for the competing iras , the roth wins hands down",train
99083,Business,ibm exec may become computer associates ceo,train
44498,Business,lenovo said to buy ibms pc business,train
103304,Business,"analysis fiat unlikely to hit the gm put button , for now",train
79100,Business,oracle sees future in . bn peoplesoft,train
47869,Business,atlantic city casinos and patrons cope on nd day of strike,train
105366,Business,gold fields iamgold bid cut by million,train
117872,Business,web access in sky set to take off,train
43547,Business,capital and gwr tie the knot,train
110404,Business,nortel to release delayed financial results,train
112101,Business,ibm s cash balance move could start trend,train
78970,Business,gazprom sets up new daughter company gazpromneft,train
50863,Business,peoplesoft s courtroom confession,train
47988,Business, things you must know to be successful,train
93426,Business,update vivendi raises forecast after strong quarter,train
74332,Business,warner chilcott backs . bn takeover,train
94910,Business,local shoppers see the logic of kmart sears deal,train
112393,Business,"yahoo searches desktops , too",train
62560,Business,netflix stock drops percent,train
70174,Business,"as china tries to avoid a hard landing , it s difficult to get lt b gt . . . lt b gt ",train
81246,Business,update cvs reports lower profits on acquisition,train
70083,Business,sec wants navistar pension info,train
110789,Business,giving a little bit back,train
61141,Business,fidelity investments cuts brokerage fees,train
45909,Business,dow knocked lower by merck s drug recall,train
37914,Business,halliburton making cuts at struggling kbr,train
86856,Business,trade gap narrows on record exports,train
3719,Business,eu backs lamy for trade position,train
33647,Business,maxim pharmaceuticals cancer drug disappoints in trials,train
58978,Business,russia ready to sell major yukos field,train
78811,Business,nikkei weakens ahead of poll,train
89750,Business,"analysis when fed says jump , investors ask how high ? ",train
10465,Business,storm may have been a tornado,train
50508,Business,marks amp spencer buys per una brand,train
21308,Business,athabasca railway link cost estimated at . b,train
34757,Business,fortis names votron to succeed van rossum as chief update ,train
109762,Business,"good disguise , eh ? ",train
51304,Business,oil teases a barrel as hurricanes hit output,train
15816,Business,japan megabank turns deaf ear,train
106596,Business,"deutsche bank to axe , jobs",train
84299,Business,eight ebay sellers admit phony bids,train
87511,Business,suntrust fires executives over miscalculations,train
32884,Business,microsoft shares more source code,train
37947,Business,philips warns on chip unit sales,train
95134,Business,is multimedia games a buy ? ,train
91062,Business,lowe s income up,train
38392,Business,fed poised to raise rates third time in ,train
48427,Business,next hit double digit insurance hikes,train
98967,Business,food stocks mixed on campbell report,train
88782,Business,intel chief barrett laments timing sucks for his departure,train
3586,Business,army wants halliburton data on possible effect of withholding,train
93435,Business,snow cutting budget deficit top priority,train
34367,Business,fund group to pay m fine,train
90883,Business,toyota prius voted european car of year,train
29618,Business,stocks seen flat as nortel and oil weigh,train
97444,Business,san francisco hotel workers to return to work after lockout,train
61518,Business,aer lingus redundancy deadline this evening,train
25327,Business,flight attendants reject us air proposal reuters ,train
73120,Business,"dupont posts profit , sees slower growth",train
15229,Business,circuit city to stop selling t mobile,train
103799,Business,the best toys don t come in a big box,train
5468,Business,u . s . begins criminal probe on riggs paper,train
20552,Business,stocks to watch tuesday,train
115463,Business,transport costs fuel uk inflation,train
100449,Business,update ge unit to buy ionics for . billion,train
90814,Business,"perrigo to buy agis , a maker of generic prescription drugs",train
92089,Business,van faasen tops in pay baker sees big leap,train
27839,Business,nikkei eases by midday techs wilt,train
105125,Business,s . arabia oil prices will drop ,train
118557,Business,symantec to buy veritas for . billion,train
62970,Business,tokyo stocks seen moving little,train
105151,Business,"european shares drop , weighed by compass",train
38781,Business,a fixer upper,train
114522,Business,jaguar workers reject strike action,train
49784,Business,"us airways to cut management pay , benefit",train
10057,Business,bae wins anti missile contract,train
44580,Business,imf approves million loan for iraq,train
102527,Business,shoppers swarm stores across us,train
11052,Business,american to test onboard food sales,train
100656,Business,"ryanair , easyjet expand flights to italy after volare bankruptcy",train
15904,Business,microsoft takes on itunes,train
108381,Business,moody s may raise ratings on aes corp . ,train
57889,Business,infosys cashes in on outsourcing,train
30497,Business,microsoft to pay californian briefs million,train
23110,Business,update alcoa warns eps to miss forecasts shares drop,train
86551,Business,gamers get a crack at halo long awaited sequel debuts,train
96411,Business,russia set to auction off oil giant to recoup unpaid taxes,train
50978,Business,"yum profit up , raises view reuters ",train
73591,Business,"stocks jump insurers , home builders help",train
92277,Business,hollinger inc to file accounts soon,train
14193,Business,"santander aims to complete abbey purchase by november , ft says",train
74101,Business,circuit city customer files bias complaint,train
60310,Business,coventry health to buy first health,train
88053,Business,coke s isdell we have underperformed since ,train
95568,Business,garamendi settles with san diego broker in exchange for lt b gt . . . lt b gt ,train
90154,Business,"eurostar turns , still sees red",train
89328,Business,more samples from la . and miss . being tested for soybean rust,train
118928,Business,"stocks set for flat start , data awaited",train
95102,Business,intel chief sees better global performance,train
86137,Business,gemstar tv guide intl q financial table gt gmst,train
51720,Business,flu vaccine distributor cuts views,train
8427,Business,santander says referral no cause to drop abbey bid,train
9507,Business,shell faces . bn nigeria bill ,train
116930,Business,mixed ruling in rim patent suit could affect entire wireless e lt b gt . . . lt b gt ,train
58253,Business,chinese party leaders call for monetary stability,train
10930,Business,work begins on us missile defense for commercial airliners,train
52983,Business,wal mart same store sales up . percent,train
76001,Business,"king pharmaceuticals profits drop , may restate returns",train
43788,Business,conoco forges alliance with lukoil,train
89124,Business,jones apparel does barney s mean trouble ? ,train
60026,Business,rheumatoid arthritis drug market heats up,train
106877,Business,savings in bankruptcy at issue at court,train
107045,Business,dollar down on intervention doubt,train
60214,Business,"gm europe to slash , jobs by ap ",train
38591,Business,stocks up on durable goods news,train
78797,Business,crude oil rises after nigerian unions call strike to cut supply,train
116196,Business,fed raises benchmark a th time,train
107730,Business,british insurers in turmoil over incentive fees,train
102934,Business,tax free bonuses tagged out,train
59933,Business,soaring crude oil prices send stocks lower,train
24065,Business,peoplesoft fracas could spark software m amp a,train
102568,Business,fed need not move on inflation wiggles,train
106022,Business,gm to lay off in new jersey,train
71738,Business,citigroup gets record fine for fund sales,train
104161,Business,airbus enroute to challenge boeing s e ,val
98853,Business,dollar continues slide vs euro,val
6278,Business,lawsuits hold good news for investors,val
85676,Business,microsoft settles disputes,val
85925,Business,liberty makes nice with news corp . ,val
39775,Business,fund s performance carries a high cost,val
96525,Business,is disney a growth stock ? ,val
119862,Business,fcc may allow cell phone use on airplanes,val
7193,Business,"after shakeout , medical websites find new health",val
36574,Business,"asia growth to hit , bank says",val
21908,Business,update mylan says committed to king deal despite icahn,val
88987,Business,nation likely to be rd largest trading power,val
103231,Business,tree traditions,val
85718,Business,abercrombie fitch posts fall in profit,val
85497,Business,brown seeks out global challenge,val
27887,Business,oracle won t predict peoplesoft acquisition,val
91292,Business,kraft foods confirms plans to sell sugar candy biz,val
81367,Business,update air berlin to buy up to airbus jets,val
59666,Business,peoplesoft exec we pumped up earnings,val
106397,Business,ibm scores b in danish contracts,val
63287,Business,cost of nz mobile calls too high,val
4552,Business,daiei shares soar as wal mart confirms interest in ailing retailer,val
77111,Business,us economy grows . percent in third quarter afp ,val
63233,Business,harmony seeks to buy gold fields in . billion deal,val
60430,Business,shell eastern trading signs gas supply deal with russias lt b gt . . . lt b gt ,val
112737,Business,"dodge durango , dakota trucks recalled",val
793,Business,europe and us in aircraft aid row,val
110363,Business,"treasuries up , indirect bidders buy big",val
46034,Business,gm cereals to go whole grain,val
76181,Business,cnnfn network to close by mid december,val
84564,Business,mcdonald s same store sales rise . pct . ,val
84728,Business,european bank chief talks up dollar,val
91956,Business,"iraq gained billion illicitly , senate panel says",val
111217,Business,"costco profits rise , but stock falls in early trading",val
104466,Business,five former natural gas traders charged,val
76811,Business,ovitz defends his tenure at disney,val
59348,Business,edison int l raises earnings forecast,val
66430,Business,"update cott profit falls , outlook cut , stock plunges",test
49403,Business,jarvis warns on refinancing deal,test
38124,Business,cadbury says annual results to be at low end of range update ,test
109223,Business,ex vivendi boss is fined million euros,test
117744,Business,abn amro leads european shares higher,test
52503,Business,can howard stern take sirius into orbit ? ,test
114661,Business,eurostocks close higher,test
93865,Business,update founders of pbhg funds settle market timing case,test
24460,Business,oracle court win could prompt more deals,test
27883,Business,hurricane pushes u . s . oil toward ,test
117547,Business,j j says to buy guidant for . billion,test
90772,Business,dow jones to buy marketwatch for million,test
50008,Business,wal mart unveils expansion plans,test
3158,Business,medtronic quarterly net up reuters ,test
98983,Business,brown forman buying rest of finlandia,test
5483,Business,oil prices inch back down,test
89016,Business,consumers more upbeat in early november,test
22474,Business,rising oil prices fuel german inflation afp ,test
4948,Business,report fda to relabel antidepressants,test
111606,Business,harley boss to retire,test
26676,Business,hiring seen improving a bit,test
40314,Business,"tokyo stocks open lower on oil , economy reuters ",test
16953,Business,united ready to cut more jobs,test
109499,Business,j amp j in guidant merger talks,test
43841,Business,global economy set for best growth in years imf afp ,test
90158,Business,information may end up used against retailer,test
68660,Business,"nasdaq ends up , dow slips",test
104165,Business,essbase x brings interactive bi to bpm,test
91878,Business,some tax refunds still owed,test
48638,Business,zients finds sweet spot,test
21051,Business,"us air shares sink , pilots reject deal",test
117625,Business,bush vows to cut deficit ,test
118178,Business,bush says social security is a top priority,test
95240,Business,calpers says tendered its peoplesoft shares,test
12218,Business,jaguar puts brake on production,test
38597,Business,update oil prices climb despite gov t statement,test
11461,Business,"sph , mediacorp lay off over ",test
68701,Business,"nextel s profit rises , ups outlook",test
117027,Sci/Tech,nice day for a wireless wedding washingtonpost . com ,train
92879,Sci/Tech,virgin sandwich back on auction,train
31218,Sci/Tech,commentary peoplesoft ease the inevitable businessweek online ,train
22742,Sci/Tech,"delete records , or profile the whole uk , says dna print pioneer",train
62369,Sci/Tech,churches installing cell phone jammers ap ,train
12647,Sci/Tech,hp ipod clone out today,train
94838,Sci/Tech,"unlike apes , humans were born to run , study says",train
119097,Sci/Tech,the right tools for research,train
20593,Sci/Tech,msn music service is an average entry in the online stakes,train
92958,Sci/Tech,peoplesoft introduces support by subscription,train
87717,Sci/Tech,milestone for land of the lemur ,train
98903,Sci/Tech,mobile firms hope consumers will turn on to tv reuters ,train
106579,Sci/Tech,google s china filtering draws fire,train
92187,Sci/Tech,dell debuts denser blade server,train
115059,Sci/Tech,microsoft raises stakes in search war,train
50384,Sci/Tech,"palmone , microsoft set e mail software pact",train
108414,Sci/Tech,its sno napster,train
12213,Sci/Tech,novelty mice chase after kids,train
59812,Sci/Tech,dinosaur that slept like a bird,train
78025,Sci/Tech,times of london goes tabloid after years,train
102244,Sci/Tech,news phishers tapping botnets to automate attacks,train
43890,Sci/Tech,apple plans eu expansion of itunes next month,train
52134,Sci/Tech,ibm focuses on a better websphere app server,train
25539,Sci/Tech,borland updates its life cycle tools,train
87939,Sci/Tech,intel board appoints otellini as ceo,train
69666,Sci/Tech,livewire futures markets allow president race wagers reuters ,train
48936,Sci/Tech,"fill er up , with microbes",train
59325,Sci/Tech,you need a robolawyer,train
104720,Sci/Tech,"kazaa created for lawful purposes , court told",train
23159,Sci/Tech,canon creates new industry category with first copier based color lt b gt . . . lt b gt ,train
52548,Sci/Tech,small firms vie for slice of security pie,train
100503,Sci/Tech,citrix buys hybrid vpn vendor,train
16545,Sci/Tech,study half of u . s . hotel rooms have broadband,train
36774,Sci/Tech,ipod promoters feel the heat,train
49364,Sci/Tech,nokia set to unveil redesigned tv phone source,train
33690,Sci/Tech,gartner points out the security you don t need,train
78,Sci/Tech," madden , espn football score in different ways reuters ",train
69177,Sci/Tech,"bad times boost efforts to align it , business goals",train
96083,Sci/Tech,spammed inbox for bill gates,train
41276,Sci/Tech,can skype remain more than free phone hype ? ,train
81956,Sci/Tech,memphis has no days of high air pollution ap ,train
9214,Sci/Tech,new realplayer software manages media from different stores lt b gt . . . lt b gt ,train
114984,Sci/Tech,computer scouring software rivals google tool,train
43195,Sci/Tech,ferrari outsources f engine design work ap ,train
42402,Sci/Tech,cisco notches new net phone deal,train
68529,Sci/Tech,medimmune quarterly earnings fall again,train
16326,Sci/Tech,paris says bonjour to new imac,train
25491,Sci/Tech,ibm rolls out new linux server using power chip reuters ,train
88928,Sci/Tech,wi fi superchip threatens bluetooth,train
1995,Sci/Tech,google interview is draw for latest playboy issue reuters ,train
113201,Sci/Tech,a visit to the museum of underappreciated games,train
42348,Sci/Tech,amendment puts energy bills at risk,train
2845,Sci/Tech,experts push for more computer security efforts,train
42930,Sci/Tech,turner to provide content for net tv company,train
91306,Sci/Tech,dell ponders using amd processors,train
77635,Sci/Tech,"dell expands consumer services to spyware , peripherals",train
57105,Sci/Tech,ftc sues alleged spyware distributors pc world ,train
94,Sci/Tech,"t . rex had teen growth spurt , scientists say reuters ",train
96808,Sci/Tech,skulls trojan infects symbian phones,train
31786,Sci/Tech,yahoo to launch its own music player,train
60711,Sci/Tech,"dell displays new tvs , music players",train
92512,Sci/Tech,dell jumps back into blade server market,train
51464,Sci/Tech, membres pour la blu ray disc association,train
17898,Sci/Tech,microsoft warns on spyware s impact,train
16523,Sci/Tech,ebay to acquire south korean auction firm,train
1892,Sci/Tech,new wi fi spec pushes for mbps,train
82254,Sci/Tech,wisconsin ruling could set m precedent on modified apps,train
40902,Sci/Tech,soldiers war blogs detail life in iraq,train
71525,Sci/Tech,president signs american jobs creation act,train
54244,Sci/Tech,visionaries outline web s future,train
94906,Sci/Tech,remote control rifle range debuts,train
36071,Sci/Tech,sun offers pay for use grid computing newsfactor ,train
14357,Sci/Tech,video games find their political voice,train
40519,Sci/Tech,"itanium unsuitable for workstations , intel says",train
89282,Sci/Tech,aol sets sail into travel search market,train
114937,Sci/Tech,earnings reports hint at ip networking growth,train
46582,Sci/Tech,huge and proud of it,train
107639,Sci/Tech,two young stars scuffle,train
11804,Sci/Tech,everything you need to know about microsoft s os update,train
44310,Sci/Tech,"what s in the box ? radio tags know that , and more",train
40753,Sci/Tech,"prove open source cred , release java , red hat tells sun",train
51099,Sci/Tech,gop gets house to nix draft bill ap ,train
37516,Sci/Tech,new sony players modified to play mp s,train
94777,Sci/Tech,nm governor wants uc regents to continue running los alamos,train
103018,Sci/Tech,another brick in the firewall washingtonpost . com ,train
57292,Sci/Tech,big blue beefs up bladecenter,train
54530,Sci/Tech,dracula s descendant sets lt cite gt reg lt cite gt straight,train
82272,Sci/Tech,microsoft to help users prep for patching,train
51155,Sci/Tech,the spirit of st . louis in outer space,train
74174,Sci/Tech,lunar eclipse due tonight,train
105460,Sci/Tech,emulex debuts gbps fibre channel silicon,train
98929,Sci/Tech,gateway takes emachines to mexico,train
59999,Sci/Tech,study finds technology could support mountain monorail,train
106302,Sci/Tech,more robot grunts ready for duty,train
111597,Sci/Tech,novell to support netline s open xchange server,train
115441,Sci/Tech,grid researchers go commerical,train
69731,Sci/Tech,yahoo ! acquires e mail start up,train
65912,Sci/Tech,sprint beats forecasts on strength of wireless usatoday . com ,train
69523,Sci/Tech,big leagues,train
36929,Sci/Tech,peoplesoft says rd qtr license revenue tops oracle s update ,train
71105,Sci/Tech,ballmer microsoft software too expensive,train
81351,Sci/Tech,mystery behind the origin of cosmic rays unraveled ,train
15006,Sci/Tech,britain seeking support to stop stem cell ban,train
29786,Sci/Tech,mobiles take off,train
138,Sci/Tech,scientists seek better way to measure rain ap ,train
61278,Sci/Tech,intel not to make gigahertz version of pentium pc processor,train
84430,Sci/Tech,mozilla firefox the searcher s browser,train
21560,Sci/Tech,intel demonstrates new chips,train
76210,Sci/Tech,liquid suggested on titan,train
5577,Sci/Tech,amd adds power saving at the high end,train
50397,Sci/Tech,casio combines lcd and fingerprint sensor,train
118650,Sci/Tech,ibm steps up grid partner plan,train
26112,Sci/Tech,trademark vs . search do you soo . . . gle ? ,train
43693,Sci/Tech,cabinet members promote healthier eating habits,train
10611,Sci/Tech,sri lanka internet disruption said not caused by i,train
14808,Sci/Tech,verizon wins injunction against text spammer,train
100431,Sci/Tech,game should be pulled,train
82163,Sci/Tech,seamen sail into biometric future,train
36794,Sci/Tech,voiceglo offers im interoperability,train
34207,Sci/Tech,nextel wants better fcc deal,train
90472,Sci/Tech,teach what science is that would help evolution disputes subside,train
78194,Sci/Tech,strange world of island species,train
79177,Sci/Tech,why a browser makes sense for google ? ,train
38707,Sci/Tech,hp discontinues its itanium workstations,train
100627,Sci/Tech,airlines cough up passenger data,train
102053,Sci/Tech, eicu lets doctors monitor many patients ap ,train
97143,Sci/Tech,chernobyl caused sweden cancers ,train
42742,Sci/Tech,intel launches next gen chip,train
82957,Sci/Tech,nasa cassini significant events for ,train
31016,Sci/Tech,broadband starts to rival dial up,train
73626,Sci/Tech,apple s u box set a sign of shifting music pricing ? ,train
7353,Sci/Tech,google not the first to go dutch,train
58478,Sci/Tech,one of world s largest rubies on display ap ,train
35243,Sci/Tech,rover missions renewed as mars emerges from behind sun,train
70943,Sci/Tech,duke u s journalistic antisemitism uproar,train
91604,Sci/Tech,yahoo ! nipping at google s heels on email,train
38502,Sci/Tech,scanner tool released to thwart jpeg attack,train
22913,Sci/Tech,nasa securing space center for ivan ap ,train
48309,Sci/Tech,ibm says blue gene breaks speed record,train
114638,Sci/Tech,sony psp debuts to strong sales,train
1197,Sci/Tech,auction for shares in google s ipo may end today washingtonpost . com ,train
52030,Sci/Tech,"winter weather outlook mixed , el nino looms reuters ",train
66142,Sci/Tech,steroid raises pneumonia risk in ra patients,train
6946,Sci/Tech,toyota s prius proving to be the hotter hybrid,train
90818,Sci/Tech,"immune system could play role in male contraception , researchers lt b gt . . . lt b gt ",train
62277,Sci/Tech,nasa celebrates life of astronaut gordon cooper,train
75099,Sci/Tech,preminet nokias mobile content move,train
113623,Sci/Tech,livewire news and info junkies take new look at rss reuters ,train
59910,Sci/Tech,apple reports fourth quarter results,train
48961,Sci/Tech,mini lab offers on the spot tests,train
42346,Sci/Tech,boffins boost dvd capacity tenfold,train
114459,Sci/Tech,"ibm , amd develop new use of strained silicon",train
83371,Sci/Tech,whooping cranes migration interrupted,train
112204,Sci/Tech,spam e mails tempt net shoppers,train
36108,Sci/Tech,ietf shuts marid down,train
64030,Sci/Tech,"rim sees strong european , asian blackberry growth",train
30660,Sci/Tech,alcatel bolsters u . s . presence reuters ,train
17248,Sci/Tech,winzip warns of security flaws,train
71382,Sci/Tech,yahoo acquires e mail search firm,train
82719,Sci/Tech,admins applaud microsoft s early warning program,train
1367,Sci/Tech,free speech for online gambling ads sought,train
99216,Sci/Tech,report fast internet use doubles in u . s . ,train
84648,Sci/Tech,british telecom to buy infonet,train
8626,Sci/Tech,worm turns on webcams,train
3997,Sci/Tech,"apple to recall , laptop batteries reuters ",train
8015,Sci/Tech,group unveils genetically engineered mice ap ,val
50379,Sci/Tech,mount st . helens spews more steam and ash reuters ,val
73479,Sci/Tech,"apple rolls out ipod photo , rocks with u ",val
101495,Sci/Tech,"sbc , yahoo , wire , and dish network partner for multimedia entertainment monster",val
43948,Sci/Tech,mp creator warns tech impasse dooming downloads,val
82298,Sci/Tech,importance of keywords in urls and search engine ranking,val
116050,Sci/Tech,check out the world s leading libraries on google,val
117836,Sci/Tech,p p battle reaches ftc,val
9542,Sci/Tech,draining brain toxins may slow alzheimer s,val
52972,Sci/Tech,electronic nose,val
22692,Sci/Tech,pair of linux holes put users at risk ziff davis ,val
46290,Sci/Tech,microsoft fat patent claim quot bogus quot ,val
110474,Sci/Tech,apple web hole still open,val
58776,Sci/Tech,dell hears consumer electronics call,val
81819,Sci/Tech,spammer in the slammer,val
104080,Sci/Tech,shopping search week ! ,val
94337,Sci/Tech,nasa calls off launch of black hole hunter ap ,val
114461,Sci/Tech,congress fails to act on copyright bills,val
84006,Sci/Tech,next space race under way,val
84932,Sci/Tech,ibm previews new supercomputing server,val
65086,Sci/Tech,earnings alert emc issues sunny report,val
39218,Sci/Tech,verisign touts childrens online identity token reuters ,val
23986,Sci/Tech,melinda gates joins washington post board,val
76445,Sci/Tech,best buy enters online photo processing fray reuters ,val
11264,Sci/Tech,microsoft releases sp update for all windows xp users,val
91521,Sci/Tech,dell s server safari,val
52886,Sci/Tech,hot wheels hit the road,val
22618,Sci/Tech,"delete records , or profile the whole uk , says dna print pioneer",val
101819,Sci/Tech,our opinion fortuitous flood,val
76646,Sci/Tech,transatlantic sting nabs identity theft suspects,val
114015,Sci/Tech,uc researchers discover deep tremors under san andreas fault,val
50446,Sci/Tech,"casio combines lcd , fingerprint sensor",val
99208,Sci/Tech,god or science ? ,val
104453,Sci/Tech,"cicadas , an elixir for the earth",val
86198,Sci/Tech,aviation key in climate change battle uk report reuters ,val
21564,Sci/Tech,smart phone market growing more crowded,test
84760,Sci/Tech,australian imprisoned for online scam ap ,test
34357,Sci/Tech,"firefox users ignore online ads , report says",test
33464,Sci/Tech,computerworld data points crm,test
59601,Sci/Tech,adobe releases hobbyist photoshop package,test
113001,Sci/Tech,thomson to introduce hd dvd players in ,test
21869,Sci/Tech,should star trek die ? ,test
102920,Sci/Tech,minor earthquake at mount st . helens,test
11962,Sci/Tech,lycos europe spam screensaver offline,test
115932,Sci/Tech,hollywood to sue p p servers,test
24573,Sci/Tech,pluggedin new car gadgets may distract drivers reuters ,test
36961,Sci/Tech,amd still mulling plans for a joint venture chip plant,test
97926,Sci/Tech, scramjet hits almost mach ,test
2211,Sci/Tech,intel backtracks on offering chips for projection tvs now,test
75482,Sci/Tech,umc posts surge in earnings,test
5696,Sci/Tech,ie flaw affects windows xp sp systems,test
79731,Sci/Tech,shuttle enterprise takes center stage,test
31311,Sci/Tech,probably best to install windows update,test
10532,Sci/Tech,"vodafone , nokia team up for simpler mobile software reuters ",test
55626,Sci/Tech,file swappers face new antipiracy push,test
102205,Sci/Tech,internet explorer gets finnish thumbs down,test
30054,Sci/Tech,aol backs away from microsoft antispam plan maccentral ,test
119356,Sci/Tech,microsoft moves on spyware to stymie firefox,test
47017,Sci/Tech,riaa files new file trading lawsuits,test
60455,Sci/Tech,"a new , innovative way to fight crime",test
100088,Sci/Tech,philadelphia faces wi fi woes,test
106997,Sci/Tech,ce players unveil broadband on a chip,test
81655,Sci/Tech,linux cluster companies attract new funds,test
76405,Sci/Tech,police arrest in online id theft scams washingtonpost . com ,test
85523,Sci/Tech,"long after kinsey , only the brave study sex",test
15659,Sci/Tech,"raw , unprocessed food trend catching on in u . s . ",test
45171,Sci/Tech,munich migrates to linux despite eu debate infoworld ,test
2639,Sci/Tech,cassini huygens discovers two new saturnian moons,test
112929,Sci/Tech,huge boeing rocket prepared for liftoff today,test
898,Sci/Tech,news new hypoxic event found off oregon coast,test
11648,Sci/Tech, brainwave cap controls computer,test
96254,Sci/Tech,babelplex multilingual search engine the c po of search,test
1778,Sports,edwards banned from games,train
22628,Sports,hughes referee over reacted,train
23969,Sports,"blues re sign d backman , four others",train
93523,Sports,guerrero landslide honoree,train
69485,Sports,"nets get from jefferson , beat celtics",train
90578,Sports,"browns , steelers fight before game",train
58562,Sports,larkin won t be coming back to reds ap ,train
102937,Sports,sorenstam s putt sets up big pay day,train
87926,Sports,odds and ends,train
84860,Sports,kansas hoops takes preseason no . spot ap ,train
101737,Sports,uefa follow fifa and place bernabeu under racism investigation,train
85239,Sports,free agent crop continues to grow,train
13925,Sports,athens closes olympic summer games with pride and relief,train
49120,Sports,edmilson the latest barca casualty,train
82115,Sports,balco founder goes public in sports steroids scandal,train
108933,Sports,highbury return for petit ? ,train
18168,Sports,former nhl defenseman paul shmyr dies ap ,train
43601,Sports,"arsenal , facing rosenborg in europe , loses gilberto update ",train
67472,Sports,game tonight the hidden fall classic,train
102160,Sports,tech s passing attack meets osu s rushinng ap ,train
34778,Sports,bryant s request to seal evidence opposed ap ,train
2832,Sports,germany paddles to bronze,train
59621,Sports,schilling s ankle will require surgery ap ,train
51081,Sports,lewis readies defense,train
7743,Sports,ecclestone counters courts with cash offer . ,train
55617,Sports,bosnia holds rival serbia to draw,train
32929,Sports,defense carries dallas,train
17429,Sports,davey s spot secured,train
104971,Sports,fleming praise for aussies,train
72868,Sports,keegan in the dock,train
69145,Sports,update barrichello fires up the fans in brazil,train
29730,Sports,brazil s mello ousts second seeded fish in atp tour,train
101790,Sports,clippers beat nets ap ,train
64805,Sports,manchester united football club boss admits mistakes,train
78684,Sports,"redskins loss bad news for bush , touchdown kerry",train
73219,Sports,ruud pleads guilty to fa charge,train
7251,Sports,jarno takes in the olympics,train
49916,Sports,abc gets belmont in ,train
61997,Sports,nowak will return,train
112754,Sports,brazelton wins tony conigliaro award,train
5897,Sports,olympic soccer euphoric iraq reaches semifinals,train
56784,Sports,f button has his sights on victory,train
48539,Sports,united lose ground on chelsea,train
77941,Sports,red sox take camaraderie to new level,train
116283,Sports,"blue devils douse flames , ",train
28127,Sports,rookie stops sox,train
115080,Sports,"hernandez , indians agree to one year deal",train
62718,Sports,arsenal kicks five points clear as chelsea beaten,train
74289,Sports,"cal notebook mystery rushers , qb threaten bears",train
62953,Sports,astros lead cards after seven innings,train
8017,Sports,calgary s kiprusoff wins big in arbitration,train
39576,Sports,what you may have missed,train
85355,Sports,nba wrap mavericks come back to beat golden state,train
73154,Sports,formula one may get rival in ,train
55831,Sports,on the verge of cup spot,train
59634,Sports,phils give baylor managing interview,train
102795,Sports,kiwis in trouble after langers double,train
58381,Sports,there s no stopping boston ny buzz,train
42775,Sports,china paralympic powerhouse,train
69538,Sports,pressed into service,train
83695,Sports,tszyu takes great satisfaction from mitchell beat down,train
116369,Sports,no cries foul following loss,train
19983,Sports,"singh leads tiger at deutsch , eyes no . ",train
94434,Sports,pistons timberwolves ,train
65620,Sports,nba game summary la clippers at new orleans,train
4816,Sports,brit relay teams go through,train
55173,Sports,a race day washout ? ,train
106406,Sports,nedbank challenge s status to be enhanced,train
36417,Sports,dope cheats banned for life,train
2838,Sports,pacers foster activated from injured list,train
117143,Sports,rangers crash out of europe,train
110839,Sports,alomar signs with texas,train
92146,Sports,paris is favorite for ,train
107042,Sports,pistons ban two from arena,train
86323,Sports,rocket wins record seventh cy young award,train
11438,Sports,marbury and late timeout are upsetting to spaniards,train
85047,Sports,"like good sneakers , a cellphone is a must",train
17067,Sports,fallon due to ride again today,train
85028,Sports,key expos vote set for tuesday ap ,train
24796,Sports,a s drop indians,train
71124,Sports,two to go,train
62444,Sports,"no . usc , no . arizona st . ",train
24563,Sports,"stars and stripes are gone , but there is plenty to salute",train
33710,Sports,hong kong emerge as dominant force in fencing,train
116887,Sports,dolphins appear interested in lsu s saban,train
9413,Sports,india beats germany in champions trophy field hockey,train
31038,Sports,utah jazz cancel trip to russia over security,train
114698,Sports,red sox replacing team physician morgan ap ,train
105016,Sports,smith s scot it in the bag now,train
33342,Sports,real coach camacho quits,train
93589,Sports,new zealand rank outsiders for the first test and series,train
24285,Sports,"rapids , wizards ",train
92888,Sports,abc apologizes for football introduction,train
54238,Sports,mcgrath keeps the pressure on,train
33394,Sports,fa in brawl probe,train
57935,Sports,idle unh still moves up,train
80295,Sports,nesta barca deserved to win,train
77087,Sports,midgley carries cal with career high ,train
80313,Sports,elliott bags both stakes at the big a,train
52877,Sports,els is always a bridesmaid,train
78775,Sports,bergkamp backing van persie to shine,train
11493,Sports,bryant trial begins,train
19481,Sports,tri nations will expand to nine test matches,train
75673,Sports,"magic send shaq message , ",train
41883,Sports,cook angels make right decision,train
67568,Sports,spain beats united states to win davis cup,train
25417,Sports,bonds hits no . giants gain wild card lead,train
18204,Sports,"final score tennessee , green bay ",train
62414,Sports,els and westwood in match play final,train
94501,Sports,moya masters gaudio to keep title hopes alive,train
84571,Sports,nfl wrap buffalo bills defeat new york jets,train
83842,Sports,steelers staley out for eagles game ap ,train
118743,Sports,"stanford wins , to play for title",train
117412,Sports,rangers worst fears realised,train
106454,Sports,arrese sure of spanish davis cup win,train
95849,Sports,revved up reality tv is aiming to boost ratings and racing,train
6688,Sports,gatlin wins meters greene third,train
70963,Sports,smart ones skate america skater optimistic after headfirst fall,train
28490,Sports,eastman rebuffs sendra jibe,train
31462,Sports,jaguar exit puts other teams on the brink,train
41632,Sports,davis cleared to play,train
55770,Sports,domenech pleased with france despite dull performance,train
55541,Sports,"bonds trainer says he was coerced , threatened",train
83724,Sports,lack of finishing kicks ends revolution s run,train
30412,Sports,sports orioles blue jays ,train
14885,Sports,wba complete earnshaw signing,train
18486,Sports,federer races to us open last ,train
16613,Sports,pga should toughen requirements for keeping tour cards,train
451,Sports,"indians beat twins , nearing al lead ap ",train
20227,Sports,true delay of game,train
27063,Sports,ponting eyes the present,train
24596,Sports,former star returns to clinic quickly,train
113282,Sports,soccer barcelona snatch late win at albacete in spanish lt b gt . . . lt b gt ,train
49246,Sports,wenger faces tough choice over lehmann,train
48504,Sports,wladimir wins comeback bout,train
35229,Sports,the district s play at the plate is going to be very close,train
78300,Sports,"after decades of longing , generations can rejoice",train
25058,Sports,prime time eagles,train
4918,Sports,judge rejects injunction by organizers over use of olympic symbols,train
78330,Sports,california blackout,train
24797,Sports,hoyas fall short,train
114977,Sports,d rays add power arm,train
46745,Sports,wenger admires desire of duo,train
46913,Sports,racing norway s solberg takes overnight lead in rally of italy,train
9875,Sports,gardner puts down boots to begin new life,train
76544,Sports,"thomas to return , ordonez might not",train
51994,Sports,bengals ink veteran safety mitchell,train
71444,Sports,reds snub glazer,train
29625,Sports,quiet man hughes will do it his way,train
63361,Sports,golf roundup els wins match play title sorenstam overtakes park,train
13636,Sports,now this is fantastic,train
104243,Sports,it is a perfect time to be with renault giancarlo fisichella,train
51161,Sports,bar sign epson for one race,train
61468,Sports, warne s glory short lived ,train
69869,Sports,jayson williams works out with cavaliers ap ,train
23396,Sports,"irish , fans rave over mighty quinn",train
82406,Sports,stars come out to compete at advanta championships at villanova,train
80372,Sports,don t mention the c word to hewitt,train
30325,Sports,"it s styles that make fights , even among trainers",train
53077,Sports,colts look for momentum,train
90133,Sports,bucks edge past hornets ,train
114292,Sports,mcgrath aims at struggling top order,train
73744,Sports,"sixers robinson , dalembert get demotions ap ",train
118425,Sports,"magpies top uefa group , hearts out",train
8019,Sports,macey surges into fourth,train
113876,Sports,"no . n . c . tops loyola of chicago , ap ",train
44592,Sports,players tempers burn in the land of playoff fever,train
12815,Sports,mcgill takes lead at wachovia classic ap ,train
34944,Sports,makaay repeats his late goal show,train
4273,Sports,acc picks jacksonville to host title games ap ,train
90241,Sports,babson finishes strong to reach ncaa tourney,train
76618,Sports, series has given us some sloppy baseball,train
5666,Sports,world champs serbia montenegro in trouble after loss to spain,val
67828,Sports,bills extend defensive coordinator s deal ap ,val
83117,Sports,biggest bosh basher is chris,val
6357,Sports,canada losing swagger,val
73990,Sports,henman boosted by federer ko,val
84016,Sports,steelers winning the old fashioned way they pound it,val
24823,Sports,mayfield races way into chase with richmond victory,val
31791,Sports,panthers running back out weeks,val
96942,Sports,friars are let off the hook by eagles,val
119503,Sports,kentucky vs . louisville,val
63587,Sports,"bcs shockers texas in fiesta , pitt to rose",val
116934,Sports,phonak appeals license refusal,val
112079,Sports,new heavyweight record set,val
103743,Sports,update australia heading for victory as kiwis collapse,val
119903,Sports,"texas johnson , benson go out with win ap ",val
4919,Sports,greeks deny failed drug test reports,val
16064,Sports,arizona gets rb hambrick and de zellner from raiders,val
86032,Sports,big ben knew he would be good for steelers ap ,val
10095,Sports,hamm says he wouldn t want to share all around gold,val
33654,Sports,report m ransom for urbina s mother,val
31988,Sports,tamada steals pole position for home gp,val
18827,Sports,a range of emotions for texas,val
36095,Sports,we will take confidence into final sarwan,val
17444,Sports,kim states her case with ,val
112900,Sports,record smashing kumble slams critics,val
12479,Sports,olympics ireland s o connor claims olympic show jumping gold,val
62564,Sports,"it s yet another typical autumn leaves fall , and yankees rise",val
13489,Sports,taylor scores tds as ravens beat lions ap ,val
19191,Sports,earlier start will aid dolphins return,val
102612,Sports,preview south africa target rare series double in india,val
56040,Sports,tactics pay off for sven,val
94160,Sports,arsenal reserve goalkeeper graham stack charged with rape,val
14057,Sports,bolton hands liverpool first epl loss,val
107370,Sports,feeling right at home in the acc,val
119728,Sports,celtics hold off charging jazz,val
114765,Sports,weis says winning is bottom line at notre dame,val
92997,Sports,silvestre lambasts domenech,test
69539,Sports,rolen finds sweet spot at just the right time,test
96660,Sports,angels strike a deal with expos,test
13899,Sports,montgomerie gets spot on ryder cup team ap ,test
52907,Sports,no mistaking formula,test
71171,Sports,typhoon inspires changes to qualifying format next year,test
27538,Sports,zee tv to take legal recourse,test
34132,Sports,soccer report a late charge by the crew,test
106256,Sports,notre dame fires willingham,test
24809,Sports,the atlanta journal constitution,test
7049,Sports,steve cherundolo scores in hannover win ap ,test
42708,Sports,rooney needs to make up ground,test
109461,Sports,i . o . c . joins steroid inquiry involving marion jones,test
26554,Sports,royals rout yankees,test
85445,Sports,"for marine , a case of glove love at first sight",test
99938,Sports,branch return breathtaking,test
82873,Sports,sorenstam aims for fourth straight mizuno classic,test
35176,Sports,turner expects beutjer to start vs . purdue,test
111841,Sports,putting a face on college programs,test
104645,Sports,australia close to victory,test
90638,Sports,panthers ers ,test
57786,Sports,"miller , invincible who defied messerschmitts , dies in melbourne lt b gt . . . lt b gt ",test
98051,Sports,manning tames bears,test
77989,Sports,at their fingertips,test
109337,Sports,werder s valdez victorious in valencia,test
44704,Sports,giants lose in extra innings to padres,test
99503,Sports,georgia tech escapes illinois chicago ap ,test
29791,Sports,rower slaps sally at homecoming,test
66114,Sports,rolling a lucky schilling wills series to an ultimate game,test
2259,Sports,si . com,test
31529,Sports,bonds gets no . ,test
42023,Sports,nl wrap cubs pound reds to retain wild card lead reuters ,test
6137,Sports,rookie has become the man ,test
95858,Sports,kiwis quickly dismissed,test
32526,Sports,cricket west indies defeats south africa to reach icc champions lt b gt . . . lt b gt ,test
41758,Sports,hearing to be held friday in oakland,test
27717,Sports,"chelsea impresses in opening champions league match , downs psg ",test
20289,Sports,brooks returns,test
6069,World,american says he was on bin laden s trail ap ,train
60224,World,sierra leone nabs s korean boats,train
99136,World,self defense on and off the battlefield,train
42734,World,top al qaida man dies of heart attack,train
19877,World,"grief , anger grip russian hearts",train
79467,World,"darfur rebels , complaining of fresh violence , plan to withdraw lt b gt . . . lt b gt ",train
13680,World,lewinsky and loos dish on kiss and tell after clinton and beckham afp ,train
80531,World,"arafat , musharraf shake logjam",train
61661,World,israel ends deadly northern gaza offensive,train
47285,World,bush and kerry follow debate with sharp jabs,train
82655,World,canadian dollar jumps to year high job gains above forecast,train
45169,World,car bombs kill children in baghdad,train
76874,World,filipinos return to devastated homes,train
115335,World,iraqi president warns a hitler could emerge,train
72806,World,referee attack lands keegan in the dock afp ,train
34920,World,belgian pm in hospital after car accident agency reuters ,train
90424,World,political door reopens for uda,train
13220,World,u . n . fears child mercenaries being hired in liberia reuters ,train
63850,World,jazeera iraq militants kill two macedonia hostages,train
46761,World,brazil posts . billion trade surplus,train
1938,World,thrilling relay win gets phelps third gold,train
25053,World,troops battle militants in iraq dead,train
92343,World,talks to free un hostages snagged,train
2963,World,sadr calls for najaf ceasefire,train
114928,World,update darfur peace talks suspended as rebels pull out,train
98665,World,barrot overshadows new eu executive,train
56922,World,"count delay in afghan poll , candidates coming round",train
26797,World,peace talks for sudan s darfur halted again as deadlock continues afp ,train
93652,World,"iran got warhead design , bomb grade uranium exiles",train
56373,World,thick skin helps republican volunteer campaigner in spain afp ,train
101742,World,un envoys urge restraint by rwanda,train
8738,World,"inside the imam ali shrine , as us closes in",train
77037,World,eu leaders trumpet historic new constitution afp ,train
86512,World,germans arrest fourth man in suspected attack on iraqi prime lt b gt . . . lt b gt ,train
89897,World,us forces claim hold of fallujah within two days,train
10563,World,un begins sudan security mission,train
11173,World,mtv awards may be toned down,train
8057,World,wariner leads u . s . sweep in ,train
6064,World,u . s . aircraft make new attack on rebels in najaf,train
79577,World,afghan kidnappers agree to talk,train
95438,World,"arafat a costly us , israeli failure",train
117922,World,osama bin laden is back reports,train
53026,World,uk s blair calls for eu force for africa clashes update ,train
86699,World,mbeki set to meet rebel leaders,train
92407,World,spanish police arrest eta suspects,train
46610,World,us forces storm iraqi town,train
29328,World,rescued crew talk of quot exhausting and frightening quot ordeal,train
102414,World,south korea s president to replace six ministers in reshuffle afp ,train
58239,World,"un chopper crash lands in afghanistan , crew stranded reuters ",train
79929,World,suspected insurgents behead official in revenge for deaths of lt b gt . . . lt b gt ,train
9801,World,paris fetes liberation from nazi occupation,train
6259,World,over undocumented asylum seekers rescued in italy,train
4589,World,jackson s lavish lifestyle put on display,train
5574,World,truckers defy kathmandu blockade,train
13140,World,sinn fein offers huge prize to all ,train
108289,World, arrested in suspected plot to attack iraqi prime minister,train
32811,World,"imperioli , de matteo win for sopranos ",train
63695,World,hoon confirms us request for troops,train
110539,World,s korean president visits troops in iraq,train
43346,World,dalai lama aides make secretive visit to china,train
33332,World,us led troops die in afghanistan,train
44294,World,italians shrug off claims that m was handed over to free women lt b gt . . . lt b gt ,train
83491,World,gop rode bush coattails to senate gains ap ,train
13512,World,manmohan hopes peace process to continue new pm greeted,train
119064,World,bosnian foreign minister banned from us,train
86675,World,new media clampdown in zimbabwe,train
45140,World,car bombs kill children in baghdad,train
89745,World,kidnappings dog kabul years after taliban defeat,train
84884,World,arafat s top lieutenants en route to paris,train
83622,World,iran says preliminary nuclear deal reached with eu,train
51369,World,european press review,train
62519,World, we are proud to be africans ,train
2499,World,bomb found near berlusconi villa,train
96104,World,gunman kills sri lankan judge,train
69560,World,haiti violence is seen as worsening ,train
66433,World,newmont considers lawsuit over jailed executives canadian press ,train
80698,World,eight arrested after murder of filmmaker,train
75032,World,doctors visit arafat as his health worsens,train
8879,World,over hurt on first day of bangladesh strike reuters ,train
71501,World,israel kills in gaza before key withdrawal vote,train
53706,World,un envoy returns to iraq for meetings on transition,train
11640,World,opel plans to reintroduce hour week afp ,train
59003,World,slobodan milosevic s trial resumes ap ,train
44877,World,two killed in naples turf war ,train
19592,World,huge nigerian drive against polio,train
77994,World,afghan group says foreign hostages safe offers proof,train
57991,World,formerly conjoined egyptian twins doing ok ap ,train
7922,World,study in adults has hypertension,train
862,World,chechnya marks special birthday,train
46872,World,house panel moves to limit floor access ap ,train
59133,World,germany softens stance on sending troops to iraq reuters ,train
72130,World,rape shame of the bounty island chiefs,train
103070,World,"presidential , parliamentary elections begin in romania",train
16357,World,cheney to lash into kerry in n . y . speech,train
114982,World,opposition chief s poisoning dominates ukraine campaign afp ,train
18804,World,school toll climbs to nearly as russia buries its dead afp ,train
29701,World,alitalia ground crew unions agree to cuts ap ,train
69382,World,fall in football hooligan arrests,train
107770,World,landslide buries chinese village,train
70259,World,serbs boycott kosovo elections,train
118953,World,giving peace a chance ? ,train
6009,World,the rivers of blood still run deep in africa s great lakes region,train
48421,World,italy deports island immigrants,train
62931,World,taliban s sense of humour fails tv test,train
29670,World,gunmen seize brit and two americans,train
104700,World,son s payments on deal disappoint annan,train
55978,World,at least killed in bombings in baghdad,train
97140,World,iraq to be relieved of percent of debt,train
14370,World,gop to bolster bush image as strong leader,train
107166,World,us revokes visa for key moi ally,train
59852,World,security forces can t stop chaos ,train
65083,World,yudhoyono set for inauguration,train
65069,World,kopassus linked to pact with jakarta,train
102176,World,equatorial guinea foreign coup plotters given long jail terms,train
19967,World,suicide bombing kills seven marines in iraq medical tests confirm lt b gt . . . lt b gt ,train
40439,World,south korea calls for resumption of nuclear talks afp ,train
53933,World,pentagon sets steps to retake iraq rebel sites,train
45185,World,us presses belgrade on war crimes,train
12729,World,"in palm beach , results of still stir a fight",train
17622,World,sri lanka government offered elusive majority reuters ,train
50609,World,megawati set to go,train
101097,World,dup and sf to get clarification on proposals,train
89928,World,cheney undergoes tests at hospital ap ,train
83257,World,iran seeks compromise at paris talks with eu trio,train
33732,World,at least one person shot at ill . capitol,train
54057,World,n . korea says it will resume talks if u . s . ends hostility,train
46871,World,strong african force sought in darfur ap ,train
105549,World,minister rwandan soldiers have entered congo,train
17187,World,security tight as karzai s inauguration looms,train
95509,World,us claims on iran quot undermined quot by iraq,train
118382,World,families try to id argentina fire victims,train
59095,World,iraq visit clears way for japan troops to stay on reuters ,train
39210,World,top nuclear scientist raja ramanna is dead,train
72159,World,"bombing that injures australian soldiers not suicide , army says",train
34508,World,investors await fed move on rates,train
925,World,"speed up saddam s trial , allawi tells court",train
32965,World,s pore eyes islamic banking pie,train
77555,World,bin laden us security depends on policy,train
112681,World,u . s . money helped opposition in ukraine ap ,train
78206,World,police terror sweeps across haiti,train
53772,World,cuba hospitalizes dissident after wife s protest reuters ,train
18756,World,hebron s middle classes choose america rather than martyrdom,train
11649,World,white house proposes intelligence changes,train
53884,World,cheney weapons report justifies iraq war ap ,train
2304,World, afghanistan needs security help ,train
103613,World,wall of thick smoke slows chinese mine rescue,train
116926,World,iran rejects negotiations with us on n issue,train
29487,World,u . s . alarmed over suspected iran nuke site ap ,train
116798,World,iran tells russia to expand nuclear ties,train
64391,World,kerry courts jews with hebrew stickers ap ,train
26056,World,mp calls for release of old school pal,train
69379,World,asian countries pledge closer cooperation in fighting against lt b gt . . . lt b gt ,train
114800,World,debate on turkey s prospects dominates run up to summit,train
88643,World,china mine blast toll rises to as inspection drive announced afp ,train
20237,World,bush and kerry clash over iraq and a timetable,train
27795,World,child healthcare goals to be set,train
41680,World, warlords threaten afghan polls rights group,train
22732,World,fla . urges new evacuations as ivan nears,train
5305,World,"blast at police post in nassiriya , three dead",train
73793,World,al qaqaa spokesman says no weapons search ap ,train
25370,World,indonesia pursues two terror suspects ap ,train
19756,World,e guinea allowed to quiz thatcher,train
97458,World,un gives up on efforts to seek worldwide cloning treaty,train
67758,World,aristide denies ties to violence in haiti and calls for dialogue,train
18422,World,japanese princess breaks seclusion,train
46876,World,powell regrets iraq weapons claim for war,train
100941,World,thatcher to face questions over equatorial guinea coup,train
100295,World,russia jails scientist for spying,train
70789,World,rebel militias deny holding british aid worker hassan,train
69637,World,eu s barroso not to reshuffle team,train
47454,World,suicide bomber kills at mosque in pakistan ,train
79346,World,seven dead in riot,train
57602,World,"crisis over , afghanistan heads for vote count reuters ",train
115963,World,world s tallest bridge will let drivers fly to the med,train
39342,World,new iran missiles can reach london,train
38465,World,"pakistan , india leaders vow cooperation",train
8426,World,labor conflict looms at vw,train
15185,World,republicans aim to show party diversity ap ,train
15553,World,anxious france accelerates bid for iraq hostages,train
10900,World,iraq s sistani in najaf killed in two cities,train
39522,World,spanish laureate was informer ,train
103507,World,freed un workers head home,train
70928,World,china rules out hong kong democracy vote,train
106480,World,gaza plan could revive road map israeli strategist,train
71113,World,candidates paint two incomplete views on foreign policy,train
36764,World,us using yassin style executions in iraq ? ,train
36799,World,us military charges two soldiers with murder of iraqis,val
114033,World,croatian president forced into runoff ap ,val
80712,World,eight arrested in dutch filmmaker s murder,val
115062,World,suicide bomber kills in baghdad ap ,val
53662,World,insurgents hit baghdad hotel with rockets,val
57523,World,carbon dioxide spike renews global warming fears,val
7173,World,four us soldiers in abu ghraib prisoner scandal face pretrial lt b gt . . . lt b gt ,val
103493,World,king hussein s favoured son loses claim to jordan s throne,val
94679,World,jailed militant makes overture,val
111711,World,ukraine government back to work as crisis eases afp ,val
75729,World,viewpoint margaret hassan must be released ,val
45063,World,film shows new iraq hostages,val
113597,World,australian man detained in iraq ap ,val
63160,World,explosion injures at least two in kenyan airport,val
23177,World,insurgents hunted down to border stronghold in us led fightback,val
88253,World,un envoy to iraq discusses political process with prime minister,val
118669,World,uk home secy rules out release of terror suspects,val
116696,World,iraq s chemical ali to be tried first minister,val
21515,World,sudan arrests islamists for sabotage plot,val
78662,World,milburn uses election to galvanise labour,val
65567,World,un asks syria to withdraw troops,val
76627,World,rumsfeld joins iraq explosive row,val
84477,World,us barrage hits iraq s falluja before offensive,val
66499,World,african union agrees to send more troops and civilian police to darfur canadian press ,val
62640,World,radicalism takes root with moroccans,val
58364,World,mubarak says no fresh leads on sinai bombers afp ,val
50784,World,officials warn of major flu shot shortages,val
21517,World,david celebrates th birthday,val
1076,World,champion boxer stabbed to death,val
77842,World,annan asks traditional leaders to un efforts to restore calm in lt b gt . . . lt b gt ,val
72666,World,"iraq bombings kill , including us soldier",val
118888,World,rebels to meet mbeki again,val
45772,World,rebels turned away from haitian city,val
96662,World,death threats force controversial dutch mp underground,val
78756,World,anwar critical of malaysian poll,val
26011,World,hurricane ivan rolls towards cuba,val
40286,World,dozens killed in iraq violence,val
56597,World,strike over rising fuel prices in nigeria,val
34666,World,kerry rolls out health care ad ap ,val
99972,World,"car bombers strike near green zone , dead",val
64464,World,karzai team believes victory quot secure quot ,test
25453,World,over arrested in violence on pinochet coup anniversary in lt b gt . . . lt b gt ,test
42226,World,france to punish police for bungled bomb exercise reuters ,test
53602,World,howard has no regrets on iraq as poll battle goes down to wire,test
1289,World,communists condemn whistle blower,test
49266,World,spaceshipone soars to space for m prize,test
21039,World,lawsuit uncovers new bush guard records ap ,test
40457,World,police given four more days to question men arrested on suspicion lt b gt . . . lt b gt ,test
115263,World,ukraine speaker keep poisoning out of campaign reuters ,test
111914,World,rescuers search for more survivors as philippine storm death toll lt b gt . . . lt b gt ,test
15813,World,two bus blasts in southern israel kill ,test
11319,World,new jaw grown on patient s back,test
45380,World,what alzarqawi knows,test
101189,World,ukraine opposition to launch strike in vote dispute reuters ,test
99795,World,china wraps latinamerican tour in cuba,test
119750,World,uk anti terror law ruled illegal,test
92731,World,british woman hostage in iraq believed dead,test
97062,World,african leaders sign great lakes peace pact,test
16163,World,alleged us army deserter says he will face charges,test
104961,World,kofi i m son burned,test
72938,World,"karzai wins afghan election , official says",test
20153,World,rockets fired on gaza city camp,test
59898,World,e voting machine crash deepens concerns,test
113458,World,iraqi insurgents inflict relentless attack,test
109034,World,court orders milosevic defense lawyers to continue,test
25362,World,un chief condemns attacks in afghanistan,test
105548,World,sinn fein voices delay concern,test
53362,World,un panel to look into genocide in sudan s darfur reuters ,test
55828,World,afghans vote peacefully,test
2866,World,putin questions iraqi poll plan,test
72265,World,five held for sinai bombings,test
13978,World,poll shows chechen police official in lead,test
89588,World,army demolishes terror hide outs,test
101781,World,rebels blow up oil pipeline in assam reuters ,test
37110,World,"rp , milf agree on ji inspections",test
81242,World,fate of aid worker in the balance as date with zarqawi looms,test
60914,World,"musharraf quitting army would be good thing , us govt says",test
32812,World,microsoft expands sharing of source code,test
75766,World,shell fuels gains in european shares reuters ,test
5456,World,chinese advocates of reform seek help from deng s spirit,test
65480,World,eu ponders softer stance on cuba,test
